,Region,Year,Gross value added (Balanced) at current basic prices,Value Added Tax (VAT) on products,Other taxes on products,Subsidies on products,Gross domestic product (GDP) at current market prices,Total resident population numbers,Gross domestic product (GDP) per head at current market prices,Whole economy gross value added (GVA) implied deflators,"Gross domestic product (GDP) chained volume measures (CVM) index, 2019 equals 100",Gross domestic product (GDP) chained volume measures (CVM) in 2019 money value,"Gross domestic product (GDP) chained volume measures (CVM) in 2019 money value, per head","Gross domestic product (GDP) chained volume measures (CVM) annual growth rates, percentage","Gross domestic product (GDP) chained volume measures (CVM) per head annual growth rates, percentage"
0,North East,2000,30138,2390,1972,100,34400,2543421,13525,73.6,72.4,46739,18377,2.7,3.0
1,North East,2001,31390,2673,1938,103,35897,2540090,14132,73.6,75.5,48744,19190,4.3,4.4
2,North East,2002,33510,2821,2007,148,38189,2540600,15032,75.3,78.5,50721,19964,4.1,4.0
3,North East,2003,35433,3002,2043,171,40307,2540461,15866,76.8,81.2,52480,20658,3.5,3.5
4,North East,2004,38385,3164,2137,194,43493,2540502,17120,78.7,85.6,55291,21764,5.4,5.4
5,North East,2005,40202,3248,2140,140,45450,2547127,17844,81.2,86.6,55940,21962,1.2,0.9
6,North East,2006,42343,3336,2223,162,47740,2552568,18703,83.0,89.1,57535,22540,2.9,2.6
7,North East,2007,43213,3597,2337,171,48977,2562045,19116,85.1,89.1,57584,22476,0.1,-0.3
8,North East,2008,44394,3602,2300,181,50115,2569312,19505,88.4,87.7,56678,22060,-1.6,-1.9
9,North East,2009,44178,3100,2308,204,49383,2575441,19174,91.2,83.8,54159,21029,-4.4,-4.7
10,North East,2010,44806,3618,2448,245,50627,2586868,19571,90.9,86.2,55702,21533,2.9,2.4
11,North East,2011,45596,4207,2528,202,52130,2596441,20077,91.3,88.4,57090,21988,2.5,2.1
12,North East,2012,46738,4342,2610,222,53468,2598972,20573,91.7,90.3,58315,22438,2.1,2.0
13,North East,2013,47418,4571,2676,240,54425,2603299,20906,93.5,90.1,58210,22360,-0.2,-0.3
14,North East,2014,48819,4718,2783,275,56044,2610482,21469,94.3,92.0,59436,22768,2.1,1.8
15,North East,2015,50550,4890,2863,316,57987,2611804,22202,94.5,95.0,61390,23505,3.3,3.2
16,North East,2016,51282,5101,3016,365,59034,2618253,22547,96.3,94.9,61325,23422,-0.1,-0.4
17,North East,2017,52688,5385,3208,464,60817,2623787,23179,96.9,97.1,62747,23915,2.3,2.1
18,North East,2018,53530,5767,3321,486,62132,2629393,23630,97.9,98.2,63436,24126,1.1,0.9
19,North East,2019,55926,5854,3395,575,64599,2636676,24500,100.0,100.0,64599,24500,1.8,1.6
20,North East,2020,52799,5088,2920,590,60217,2637426,22832,106.6,87.4,56469,21411,-12.6,-12.6
21,North East,2021,57334,5565,3009,471,65438,2647493,24717,105.5,96.0,62003,23419,9.8,9.4
22,North East,2022,63107,6459,3068,872,71763,2683040,26747,110.7,100.4,64855,24172,4.6,3.2
23,North West,2000,94663,7088,5737,339,107149,6774223,15817,70.8,70.6,151421,22352,2.2,2.2
24,North West,2001,100515,7416,5639,364,113207,6772985,16714,72.2,73.2,156882,23163,3.6,3.6
25,North West,2002,105185,7940,5822,463,118484,6784880,17463,73.8,74.8,160499,23655,2.3,2.1
26,North West,2003,110994,8649,5966,524,125085,6814660,18355,75.5,77.2,165645,24307,3.2,2.8
27,North West,2004,117216,9262,6247,536,132188,6840369,19325,77.1,79.9,171352,25050,3.4,3.1
28,North West,2005,123292,9475,6257,402,138622,6870021,20178,79.1,81.8,175349,25524,2.3,1.9
29,North West,2006,130331,9630,6514,487,145988,6901585,21153,80.7,84.3,180864,26206,3.1,2.7
30,North West,2007,135195,10039,6791,443,151582,6929277,21876,82.4,85.8,184002,26554,1.7,1.3
31,North West,2008,138380,9998,6694,415,154657,6958547,22225,85.2,84.6,181433,26073,-1.4,-1.8
32,North West,2009,137556,8743,6788,463,152624,6986156,21847,87.8,81.1,173861,24886,-4.2,-4.6
33,North West,2010,140447,10444,7200,491,157600,7019921,22450,87.6,83.9,179841,25619,3.4,2.9
34,North West,2011,141431,12140,7516,459,160628,7055961,22765,88.6,84.5,181287,25693,0.8,0.3
35,North West,2012,145755,12348,7631,489,165244,7079344,23342,89.5,86.1,184722,26093,1.9,1.6
36,North West,2013,150842,12886,7897,473,171152,7105146,24088,91.1,87.6,187829,26436,1.7,1.3
37,North West,2014,156757,13527,8261,535,178009,7141096,24927,92.0,90.2,193434,27087,3.0,2.5
38,North West,2015,162842,13972,8432,632,184614,7182651,25703,93.0,92.5,198455,27630,2.6,2.0
39,North West,2016,168574,14679,8868,686,191435,7234141,26463,94.9,94.1,201726,27885,1.6,0.9
40,North West,2017,176776,15241,9119,782,200353,7275765,27537,96.2,97.1,208190,28614,3.2,2.6
41,North West,2018,181259,15641,9345,914,205332,7316116,28066,97.8,97.9,210014,28706,0.9,0.3
42,North West,2019,189804,16081,9519,944,214459,7363267,29126,100.0,100.0,214459,29126,2.1,1.5
43,North West,2020,185450,14656,8508,1400,207214,7380605,28076,106.7,90.6,194281,26323,-9.4,-9.6
44,North West,2021,199671,17050,9300,1082,224940,7424092,30299,105.4,99.5,213457,28752,9.9,9.2
45,North West,2022,219707,19921,9837,2266,247199,7516113,32889,110.6,104.3,223589,29748,4.7,3.5
46,Yorkshire and The Humber,2000,66862,5056,4187,514,75592,4958609,15245,69.1,74.6,109456,22074,3.1,3.0
47,Yorkshire and The Humber,2001,70274,5150,4178,523,79078,4976643,15890,69.9,77.1,113101,22726,3.3,3.0
48,Yorkshire and The Humber,2002,74231,5505,4320,695,83361,5000111,16672,71.7,79.3,116328,23265,2.9,2.4
49,Yorkshire and The Humber,2003,79287,6063,4402,774,88977,5026314,17702,73.5,82.5,121075,24088,4.1,3.5
50,Yorkshire and The Humber,2004,83764,6617,4633,795,94219,5063199,18609,75.5,85.1,124843,24657,3.1,2.4
51,Yorkshire and The Humber,2005,87994,6839,4590,571,98853,5108408,19351,78.0,86.4,126797,24821,1.6,0.7
52,Yorkshire and The Humber,2006,92371,7228,4640,658,103581,5134016,20175,79.9,88.4,129647,25253,2.2,1.7
53,Yorkshire and The Humber,2007,97637,7476,4754,613,109253,5164138,21156,81.9,90.9,133407,25833,2.9,2.3
54,Yorkshire and The Humber,2008,98981,7347,4667,551,110444,5198675,21245,85.2,88.3,129571,24924,-2.9,-3.5
55,Yorkshire and The Humber,2009,97147,6184,4761,622,107470,5223344,20575,87.6,83.6,122662,23483,-5.3,-5.8
56,Yorkshire and The Humber,2010,97817,7411,5062,640,109650,5254788,20867,88.1,84.9,124477,23688,1.5,0.9
57,Yorkshire and The Humber,2011,99395,8657,5333,583,112802,5288212,21331,88.5,86.9,127487,24108,2.4,1.8
58,Yorkshire and The Humber,2012,101772,8875,5441,582,115505,5313486,21738,89.3,88.2,129370,24347,1.5,1.0
59,Yorkshire and The Humber,2013,104474,9187,5718,542,118836,5335092,22274,90.8,89.2,130812,24519,1.1,0.7
60,Yorkshire and The Humber,2014,107663,9671,6017,540,122810,5356428,22928,92.0,91.0,133519,24927,2.1,1.7
61,Yorkshire and The Humber,2015,112316,10221,6151,627,128061,5377362,23815,93.0,93.8,137674,25602,3.1,2.7
62,Yorkshire and The Humber,2016,114466,10730,6702,681,131216,5408058,24263,94.0,95.1,139540,25802,1.4,0.8
63,Yorkshire and The Humber,2017,120103,11328,6968,773,137625,5427784,25356,95.9,97.9,143545,26446,2.9,2.5
64,Yorkshire and The Humber,2018,123864,11744,7028,808,141828,5443883,26053,97.5,99.2,145470,26722,1.3,1.0
65,Yorkshire and The Humber,2019,128454,12061,7094,912,146697,5464651,26845,100.0,100.0,146697,26845,0.8,0.5
66,Yorkshire and The Humber,2020,123702,10541,6333,1226,139350,5468487,25482,106.5,89.2,130875,23933,-10.8,-10.8
67,Yorkshire and The Humber,2021,137913,11843,7027,1235,155548,5482455,28372,105.5,100.5,147456,26896,12.7,12.4
68,Yorkshire and The Humber,2022,151325,13840,7341,2203,170304,5541262,30734,111.2,104.4,153209,27649,3.9,2.8
69,East Midlands,2000,57804,4196,3710,492,65218,4168076,15647,67.8,74.2,96206,23082,3.0,2.6
70,East Midlands,2001,60154,4458,3691,465,67838,4189622,16192,68.8,76.1,98658,23548,2.5,2.0
71,East Midlands,2002,62571,4763,3819,507,70646,4221753,16734,70.7,77.0,99930,23670,1.3,0.5
72,East Midlands,2003,65719,5198,3914,569,74262,4255080,17453,72.2,79.3,102907,24184,3.0,2.2
73,East Midlands,2004,68942,5548,4065,605,77950,4291476,18164,73.7,81.5,105711,24633,2.7,1.9
74,East Midlands,2005,72566,5683,4038,254,82033,4329112,18949,75.8,83.4,108175,24988,2.3,1.4
75,East Midlands,2006,76597,5978,4223,300,86497,4366676,19809,77.1,86.5,112181,25690,3.7,2.8
76,East Midlands,2007,80111,6006,4394,299,90211,4404774,20480,80.0,87.0,112824,25614,0.6,-0.3
77,East Midlands,2008,83420,6019,4258,284,93414,4441125,21034,83.1,86.7,112406,25310,-0.4,-1.2
78,East Midlands,2009,81060,5199,4293,318,90235,4471653,20179,85.4,81.5,105686,23635,-6.0,-6.6
79,East Midlands,2010,83930,6341,4552,349,94473,4507071,20961,85.5,85.2,110484,24514,4.5,3.7
80,East Midlands,2011,85201,7330,4696,358,96869,4537448,21349,85.7,87.2,113064,24918,2.3,1.7
81,East Midlands,2012,88406,7460,4833,395,100304,4570702,21945,87.4,88.4,114717,25098,1.5,0.7
82,East Midlands,2013,92104,7820,5089,431,104582,4604568,22713,89.0,90.6,117542,25527,2.5,1.7
83,East Midlands,2014,95480,8342,5546,512,108856,4642629,23447,90.5,92.8,120323,25917,2.4,1.5
84,East Midlands,2015,98369,8697,5795,631,112231,4681640,23973,92.1,94.0,121881,26034,1.3,0.5
85,East Midlands,2016,100969,9173,6208,716,115634,4731615,24439,93.4,95.4,123750,26154,1.5,0.5
86,East Midlands,2017,104846,9607,6515,848,120120,4778346,25138,95.4,97.0,125872,26342,1.7,0.7
87,East Midlands,2018,109472,10075,6754,890,125412,4815151,26045,97.6,99.0,128451,26676,2.0,1.3
88,East Midlands,2019,113367,10414,6807,877,129712,4844001,26778,100.0,100.0,129712,26778,1.0,0.4
89,East Midlands,2020,110744,9361,6105,1282,124928,4855469,25729,106.6,90.4,117202,24138,-9.6,-9.9
90,East Midlands,2021,119820,10712,6634,1011,136155,4881559,27892,105.0,100.0,129682,26566,10.6,10.1
91,East Midlands,2022,128795,12514,6859,1686,146482,4934939,29683,110.9,101.8,132036,26755,1.8,0.7
92,West Midlands,2000,74881,5314,4501,481,84215,5269626,15981,68.6,75.8,122751,23294,2.8,2.8
93,West Midlands,2001,77750,5455,4516,538,87183,5280727,16510,69.3,77.7,125787,23820,2.5,2.3
94,West Midlands,2002,80645,5757,4641,698,90346,5301243,17042,71.3,78.2,126643,23889,0.7,0.3
95,West Midlands,2003,84675,6312,4693,771,94909,5325475,17822,73.2,80.1,129702,24355,2.4,1.9
96,West Midlands,2004,88691,6664,4832,546,99641,5346376,18637,75.2,81.8,132578,24798,2.2,1.8
97,West Midlands,2005,92635,6850,4867,339,104013,5380687,19331,77.5,82.8,134205,24942,1.2,0.6
98,West Midlands,2006,95849,7115,5240,401,107802,5415521,19906,78.9,84.4,136680,25239,1.8,1.2
99,West Midlands,2007,98568,7604,5491,386,111277,5451924,20411,81.1,84.7,137237,25172,0.4,-0.3
100,West Midlands,2008,101882,7782,5359,396,114628,5496240,20856,83.9,84.3,136567,24847,-0.5,-1.3
101,West Midlands,2009,98545,6831,5419,439,110356,5528007,19963,86.4,78.9,127743,23108,-6.5,-7.0
102,West Midlands,2010,101973,8054,5674,487,115214,5565866,20700,86.4,82.3,133320,23953,4.4,3.7
103,West Midlands,2011,105196,9147,5925,453,119815,5608667,21363,86.5,85.5,138542,24701,3.9,3.1
104,West Midlands,2012,108708,9401,6039,464,123684,5640325,21929,88.0,86.7,140471,24905,1.4,0.8
105,West Midlands,2013,113768,9851,6148,448,129318,5676945,22780,90.0,88.7,143644,25303,2.3,1.6
106,West Midlands,2014,119178,10137,6479,486,135308,5716882,23668,91.0,91.8,148635,25999,3.5,2.8
107,West Midlands,2015,123641,10328,6624,567,140026,5756287,24326,92.0,93.9,152156,26433,2.4,1.7
108,West Midlands,2016,129344,10735,7053,635,146497,5812248,25205,93.9,96.3,155959,26833,2.5,1.5
109,West Midlands,2017,135971,11067,7356,718,153676,5855052,26247,95.4,99.4,161021,27501,3.2,2.5
110,West Midlands,2018,140639,11395,7420,870,158584,5889328,26927,97.4,100.6,162882,27657,1.2,0.6
111,West Midlands,2019,143430,12053,7419,915,161987,5920977,27358,100.0,100.0,161987,27358,-0.5,-1.1
112,West Midlands,2020,136085,11066,6524,1134,152542,5931924,25715,105.7,89.1,144367,24337,-10.9,-11.0
113,West Midlands,2021,147563,12955,7369,914,166973,5956226,28033,104.5,98.6,159761,26822,10.7,10.2
114,West Midlands,2022,160370,15056,7675,1746,181354,6021653,30117,110.4,101.4,164256,27278,2.8,1.7
115,East,2000,84943,5781,4846,688,94882,5374972,17653,70.7,70.2,134228,24973,5.6,4.9
116,East,2001,89429,6050,4856,617,99719,5400463,18465,72.2,72.3,138182,25587,2.9,2.5
117,East,2002,92850,6420,4997,685,103583,5432688,19067,74.2,73.1,139690,25713,1.1,0.5
118,East,2003,98789,7008,5099,767,110129,5474133,20118,75.9,75.9,145047,26497,3.8,3.0
119,East,2004,101976,7451,5464,782,114109,5508564,20715,77.6,76.9,146977,26681,1.3,0.7
120,East,2005,107556,7710,5567,350,120482,5562653,21659,79.1,79.7,152364,27391,3.7,2.7
121,East,2006,112850,8069,5880,389,126410,5606294,22548,80.9,81.8,156271,27874,2.6,1.8
122,East,2007,117095,8440,6244,440,131340,5653534,23231,82.6,83.2,159032,28130,1.8,0.9
123,East,2008,121793,8472,5944,459,135750,5708350,23781,85.3,83.3,159131,27877,0.1,-0.9
124,East,2009,118538,7296,6020,520,131335,5751443,22835,87.2,78.8,150553,26177,-5.4,-6.1
125,East,2010,120046,8750,6524,532,134789,5807402,23210,86.7,81.3,155426,26763,3.2,2.2
126,East,2011,120788,10140,6666,479,137115,5862418,23389,87.0,82.4,157525,26870,1.4,0.4
127,East,2012,124698,10470,6740,508,141401,5915033,23905,88.4,83.7,159866,27027,1.5,0.6
128,East,2013,130070,10959,6963,487,147506,5970484,24706,90.0,85.8,163867,27446,2.5,1.6
129,East,2014,137065,11457,7548,485,155586,6039521,25761,90.9,89.5,171094,28329,4.4,3.2
130,East,2015,142041,12335,7783,546,161614,6098262,26502,92.6,91.3,174484,28612,2.0,1.0
131,East,2016,148202,12633,8464,602,168698,6161075,27381,94.5,93.4,178455,28965,2.3,1.2
132,East,2017,158425,13146,8915,686,179799,6202843,28987,95.9,98.1,187465,30222,5.0,4.3
133,East,2018,161840,13391,8993,740,183484,6237376,29417,97.9,98.1,187458,30054,0.0,-0.6
134,East,2019,168719,14067,9077,786,191077,6274179,30455,100.0,100.0,191077,30455,1.9,1.3
135,East,2020,159550,12612,7905,1167,178899,6297779,28407,106.2,88.2,168437,26745,-11.8,-12.2
136,East,2021,173381,14273,9000,1059,195595,6349646,30804,105.1,97.4,186149,29316,10.5,9.6
137,East,2022,189303,16853,9585,1913,213828,6398497,33419,110.6,101.2,193350,30218,3.9,3.1
138,London,2000,204141,10630,8934,890,222815,7236712,30790,69.5,62.7,320627,44306,7.8,6.5
139,London,2001,211363,10916,7956,891,229343,7322403,31321,71.0,63.2,323062,44120,0.8,-0.4
140,London,2002,219301,11598,7888,983,237805,7376671,32237,72.5,64.1,327785,44435,1.5,0.7
141,London,2003,232098,12567,7781,1008,251438,7394817,34002,73.7,66.7,340955,46107,4.0,3.8
142,London,2004,243762,12878,8506,1122,264024,7432730,35522,75.4,68.5,350298,47129,2.7,2.2
143,London,2005,263629,13021,8838,1233,284255,7519009,37805,76.9,72.3,369484,49140,5.5,4.3
144,London,2006,279479,13637,9964,1429,301650,7597825,39702,78.6,75.0,383571,50484,3.8,2.7
145,London,2007,303353,14358,11021,1352,327381,7693473,42553,79.6,80.4,411294,53460,7.2,5.9
146,London,2008,311842,14473,9567,1281,334602,7812161,42831,81.6,80.2,409910,52471,-0.3,-1.9
147,London,2009,307196,12824,8992,1557,327455,7942594,41228,85.2,75.2,384334,48389,-6.2,-7.8
148,London,2010,319195,15711,10297,1602,343600,8061495,42622,85.7,78.4,400802,49718,4.3,2.7
149,London,2011,331142,18511,10890,1270,359273,8204407,43790,86.3,81.4,416241,50734,3.9,2.0
150,London,2012,345079,18738,11018,1720,373114,8320767,44841,87.1,83.7,428225,51465,2.9,1.4
151,London,2013,362562,19140,12379,1205,392876,8438987,46555,88.9,86.4,441889,52363,3.2,1.7
152,London,2014,387074,20283,13395,1181,419572,8547192,49089,91.0,90.2,461154,53954,4.4,3.0
153,London,2015,400902,21305,13673,1291,434589,8659545,50186,93.0,91.4,467548,53992,1.4,0.1
154,London,2016,426076,21453,14826,1432,460923,8743651,52715,94.9,95.0,485940,55576,3.9,2.9
155,London,2017,441384,22414,15026,1561,477262,8776229,54381,96.4,96.8,495110,56415,1.9,1.5
156,London,2018,458081,23413,15234,1769,494959,8833335,56033,98.2,98.6,504214,57081,1.8,1.2
157,London,2019,473666,24092,15530,1957,511331,8889743,57519,100.0,100.0,511331,57519,1.4,0.8
158,London,2020,437281,22361,13114,2675,470080,8867008,53015,105.7,87.0,444789,50162,-13.0,-12.8
159,London,2021,469594,24963,15449,1949,508056,8804769,57702,104.8,94.8,484556,55033,8.9,9.7
160,London,2022,519178,28534,17535,3067,562179,8866180,63407,110.6,99.4,508371,57338,4.9,4.2
161,South East,2000,149139,9350,7849,688,165649,7990598,20731,72.6,68.8,228166,28554,5.4,4.9
162,South East,2001,154960,9905,7826,741,171949,8023449,21431,74.1,70.0,231953,28909,1.7,1.2
163,South East,2002,161984,10416,7996,998,179399,8045192,22299,76.0,71.2,236158,29354,1.8,1.5
164,South East,2003,169994,11120,8046,1118,188042,8087924,23250,77.8,72.9,241578,29869,2.3,1.8
165,South East,2004,175576,11463,8684,988,194735,8133100,23943,79.7,73.8,244453,30057,1.2,0.6
166,South East,2005,184712,11576,9007,779,204516,8202896,24932,81.2,76.0,251939,30713,3.1,2.2
167,South East,2006,192742,12225,9743,995,213714,8270861,25839,82.9,77.8,257805,31170,2.3,1.5
168,South East,2007,201273,12900,10294,903,223564,8351391,26770,84.4,79.9,264862,31715,2.7,1.7
169,South East,2008,212418,12777,9757,871,234081,8426399,27779,87.2,81.0,268325,31843,1.3,0.4
170,South East,2009,208492,11213,9930,987,228649,8490922,26929,88.9,77.6,257091,30278,-4.2,-4.9
171,South East,2010,213954,13461,10945,1066,237294,8577771,27664,87.4,81.9,271366,31636,5.6,4.5
172,South East,2011,219835,15842,10948,1021,245605,8652784,28384,88.0,84.2,279022,32246,2.8,1.9
173,South East,2012,227574,16506,11283,1103,254259,8731840,29119,89.1,86.1,285410,32686,2.3,1.4
174,South East,2013,235761,17593,11789,1176,263966,8809382,29964,90.8,87.7,290757,33005,1.9,1.0
175,South East,2014,245450,18468,12551,1298,275170,8893930,30939,91.8,90.4,299598,33686,3.0,2.1
176,South East,2015,255001,19199,12705,1570,285334,8969638,31811,92.9,92.7,307243,34254,2.6,1.7
177,South East,2016,261141,20084,13713,1689,293248,9053011,32392,94.8,93.3,309195,34154,0.6,-0.3
178,South East,2017,270971,21158,14311,1931,304508,9105076,33444,96.2,95.5,316463,34757,2.4,1.8
179,South East,2018,280535,22031,14399,2078,314886,9150245,34413,97.8,97.1,321873,35176,1.7,1.2
180,South East,2019,296218,22885,14500,2146,331457,9193770,36052,100.0,100.0,331457,36052,3.0,2.5
181,South East,2020,291964,20533,12631,3181,321947,9225273,34898,105.1,92.4,306289,33201,-7.6,-7.9
182,South East,2021,307222,22594,14186,2820,341182,9295829,36703,104.6,98.4,326064,35076,6.5,5.6
183,South East,2022,336218,26461,15439,3664,374453,9379833,39921,109.6,103.1,341657,36425,4.8,3.8
184,South West,2000,73645,5091,4015,484,82267,4917074,16731,66.8,73.8,123197,25055,3.7,2.9
185,South West,2001,77758,5162,4083,484,86519,4943364,17502,67.9,76.3,127359,25764,3.4,2.8
186,South West,2002,81163,5517,4287,611,90357,4976129,18158,70.0,77.4,129170,25958,1.4,0.8
187,South West,2003,85524,6089,4376,702,95286,5006653,19032,72.2,79.1,132051,26375,2.2,1.6
188,South West,2004,90115,6609,4651,697,100679,5038284,19983,74.4,81.1,135275,26849,2.4,1.8
189,South West,2005,94207,6845,4727,404,105374,5086121,20718,76.4,82.6,137850,27103,1.9,0.9
190,South West,2006,98642,7173,5006,469,110352,5119840,21554,78.7,84.0,140209,27385,1.7,1.0
191,South West,2007,102598,7584,5249,451,114981,5170537,22238,80.5,85.6,142802,27619,1.8,0.9
192,South West,2008,107557,7659,5026,437,119805,5205044,23017,83.7,85.8,143193,27510,0.3,-0.4
193,South West,2009,106048,6648,5046,485,117257,5226821,22434,86.0,81.7,136313,26080,-4.8,-5.2
194,South West,2010,109315,8005,5380,551,122149,5261270,23217,85.6,85.5,142697,27122,4.7,4.0
195,South West,2011,110603,9251,5489,536,124808,5300831,23545,86.2,86.8,144827,27322,1.5,0.7
196,South West,2012,113972,9639,5665,562,128713,5336343,24120,87.9,87.8,146494,27452,1.2,0.5
197,South West,2013,117200,10190,5921,620,132691,5374783,24688,89.7,88.6,147860,27510,0.9,0.2
198,South West,2014,123446,10662,6278,683,139703,5422159,25765,91.0,92.0,153596,28327,3.9,3.0
199,South West,2015,126136,10801,6421,796,142562,5471487,26055,92.5,92.4,154117,28167,0.3,-0.6
200,South West,2016,130663,11020,6930,856,147757,5526982,26734,94.3,93.9,156695,28351,1.7,0.7
201,South West,2017,137317,11872,7353,946,155596,5574666,27911,95.7,97.4,162536,29156,3.7,2.8
202,South West,2018,140949,12771,7560,1018,160262,5609701,28569,97.8,98.2,163791,29198,0.8,0.1
203,South West,2019,146854,13417,7664,1062,166873,5642792,29573,100.0,100.0,166873,29573,1.9,1.3
204,South West,2020,140362,11849,6738,1432,157517,5661990,27820,105.9,89.1,148699,26263,-10.9,-11.2
205,South West,2021,156289,13273,7740,1234,176067,5712822,30820,105.5,100.1,166958,29225,12.3,11.3
206,South West,2022,172264,15481,8172,1887,194030,5764881,33657,111.5,104.3,174029,30188,4.2,3.3
207,Wales,2000,35010,2848,2239,281,39816,2906870,13697,69.2,73.3,57553,19799,4.1,3.9
208,Wales,2001,36150,2983,2231,281,41082,2910232,14117,69.7,75.2,58982,20267,2.5,2.4
209,Wales,2002,37781,3141,2292,340,42874,2922876,14668,71.6,76.4,59922,20501,1.6,1.2
210,Wales,2003,40275,3451,2359,431,45654,2937721,15541,73.6,79.0,62013,21109,3.5,3.0
211,Wales,2004,42672,3652,2499,436,48387,2957422,16361,75.9,81.2,63758,21559,2.8,2.1
212,Wales,2005,44530,3767,2574,206,50666,2969309,17063,78.3,82.5,64725,21798,1.5,1.1
213,Wales,2006,46804,4058,2694,216,53340,2985668,17865,79.7,85.3,66946,22422,3.4,2.9
214,Wales,2007,48604,4229,2785,183,55435,3006299,18440,82.1,86.1,67552,22470,0.9,0.2
215,Wales,2008,49100,4231,2746,167,55911,3025867,18478,85.3,83.5,65558,21666,-3.0,-3.6
216,Wales,2009,48559,3626,2744,187,54742,3038872,18014,87.1,80.1,62873,20690,-4.1,-4.5
217,Wales,2010,49808,4287,2851,206,56739,3049971,18603,87.7,82.4,64690,21210,2.9,2.5
218,Wales,2011,51738,5006,2874,214,59404,3063758,19389,88.6,85.5,67072,21892,3.7,3.2
219,Wales,2012,53472,5160,2924,236,61319,3070928,19968,90.0,86.8,68126,22184,1.6,1.3
220,Wales,2013,55346,5455,3100,255,63646,3071058,20724,91.7,88.4,69385,22593,1.8,1.8
221,Wales,2014,56743,5681,3267,288,65402,3073788,21277,92.7,89.9,70559,22955,1.7,1.6
222,Wales,2015,58509,5839,3357,355,67350,3072739,21919,93.5,91.8,72043,23446,2.1,2.1
223,Wales,2016,60831,6027,3668,392,70135,3077165,22792,94.9,94.2,73914,24020,2.6,2.4
224,Wales,2017,62822,6310,3933,474,72590,3081366,23558,96.3,96.0,75344,24452,1.9,1.8
225,Wales,2018,65188,6631,4011,533,75297,3083840,24417,97.4,98.5,77314,25071,2.6,2.5
226,Wales,2019,68040,6941,4053,555,78479,3087732,25417,100.0,100.0,78479,25417,1.5,1.4
227,Wales,2020,64841,6256,3604,788,73913,3104483,23808,105.5,89.3,70058,22567,-10.7,-11.2
228,Wales,2021,68053,6961,4035,589,78460,3105633,25264,106.4,94.0,73743,23745,5.3,5.2
229,Wales,2022,74545,8003,4193,1329,85412,3131640,27274,111.6,97.5,76547,24443,3.8,2.9
230,Scotland,2000,73871,5377,4743,707,83284,5062940,16450,69.3,71.3,120247,23750,3.7,3.8
231,Scotland,2001,78200,5780,4635,706,87909,5064200,17359,70.6,73.8,124514,24587,3.5,3.5
232,Scotland,2002,81330,6156,4772,805,91453,5066000,18052,72.5,74.8,126133,24898,1.3,1.3
233,Scotland,2003,86142,6707,4842,956,96735,5068500,19086,74.5,76.9,129777,25605,2.9,2.8
234,Scotland,2004,91809,7007,5168,953,103032,5084300,20265,76.9,79.4,133948,26345,3.2,2.9
235,Scotland,2005,97286,7212,5188,476,109211,5110200,21371,78.6,82.4,138917,27184,3.7,3.2
236,Scotland,2006,103795,7982,5359,525,116611,5133000,22718,81.2,85.1,143600,27976,3.4,2.9
237,Scotland,2007,108056,8326,5731,508,121605,5170000,23521,82.6,87.3,147191,28470,2.5,1.8
238,Scotland,2008,113180,8244,5620,493,126552,5202900,24323,85.3,88.0,148421,28527,0.8,0.2
239,Scotland,2009,112748,7128,5574,534,124916,5231900,23876,87.8,84.4,142288,27196,-4.1,-4.7
240,Scotland,2010,112671,8549,5929,593,126556,5262200,24050,87.3,86.0,144994,27554,1.9,1.3
241,Scotland,2011,115516,9791,6129,584,130852,5299900,24689,88.2,88.0,148401,28001,2.3,1.6
242,Scotland,2012,119101,10009,6404,643,134871,5313600,25382,89.6,89.2,150496,28323,1.4,1.2
243,Scotland,2013,124463,10382,6799,744,140901,5327700,26447,91.4,91.4,154137,28931,2.4,2.1
244,Scotland,2014,130302,10966,7077,856,147489,5347600,27580,92.8,94.2,158962,29726,3.1,2.7
245,Scotland,2015,131816,11266,7121,1009,149194,5373000,27767,93.0,95.1,160430,29859,0.9,0.4
246,Scotland,2016,133983,11571,7439,1184,151808,5404700,28088,94.2,95.6,161183,29823,0.5,-0.1
247,Scotland,2017,140538,12003,7800,1445,158895,5424800,29291,95.7,98.4,166007,30602,3.0,2.6
248,Scotland,2018,143341,12451,8047,1548,162291,5438100,29843,97.7,98.5,166174,30557,0.1,-0.1
249,Scotland,2019,148903,13089,8278,1588,168681,5463300,30875,100.0,100.0,168681,30875,1.5,1.0
250,Scotland,2020,140724,11733,7594,2236,157814,5466000,28872,106.9,87.5,147669,27016,-12.5,-12.5
251,Scotland,2021,151499,13492,8304,2121,171173,5479900,31236,106.0,95.8,161529,29477,9.4,9.1
252,Scotland,2022,165714,15394,8689,2946,186851,5447698,34299,112.1,98.8,166623,30586,3.2,3.8
253,Northern Ireland,2000,22356,1795,1512,261,25402,1682944,15094,65.4,77.6,38867,23095,6.3,6.1
254,Northern Ireland,2001,23274,1960,1526,250,26510,1688838,15697,66.5,79.6,39859,23602,2.6,2.2
255,Northern Ireland,2002,24045,2013,1568,243,27383,1697534,16131,68.3,80.1,40109,23628,0.6,0.1
256,Northern Ireland,2003,25966,2225,1594,272,29512,1704924,17310,70.6,83.5,41807,24521,4.2,3.8
257,Northern Ireland,2004,27241,2351,1706,382,30916,1714042,18037,72.4,85.3,42695,24909,2.1,1.6
258,Northern Ireland,2005,28755,2403,1732,158,32733,1727733,18946,74.0,88.4,44235,25603,3.6,2.8
259,Northern Ireland,2006,30496,2583,1830,186,34723,1743113,19920,76.2,91.0,45548,26130,3.0,2.1
260,Northern Ireland,2007,31577,2789,1963,175,36154,1761683,20522,79.4,91.0,45536,25848,0.0,-1.1
261,Northern Ireland,2008,31942,2813,1901,148,36508,1779152,20520,82.7,88.2,44163,24822,-3.0,-4.0
262,Northern Ireland,2009,31366,2469,1972,170,35636,1793333,19871,85.1,83.6,41851,23337,-5.2,-6.0
263,Northern Ireland,2010,31020,2932,2061,172,35841,1804833,19859,85.3,83.9,42000,23271,0.4,-0.3
264,Northern Ireland,2011,31656,3437,2105,136,37062,1814318,20428,85.5,86.6,43326,23880,3.2,2.6
265,Northern Ireland,2012,32973,3511,2131,146,38469,1824603,21084,87.3,88.0,44061,24148,1.7,1.1
266,Northern Ireland,2013,34040,3616,2169,145,39679,1831677,21663,88.9,89.1,44624,24362,1.3,0.9
267,Northern Ireland,2014,35117,3735,2208,155,40904,1843186,22192,89.8,91.0,45531,24702,2.0,1.4
268,Northern Ireland,2015,36403,3937,2233,187,42385,1854943,22850,92.1,91.9,46017,24808,1.1,0.4
269,Northern Ireland,2016,38590,4009,2353,202,44750,1866042,23981,93.6,95.5,47826,25629,3.9,3.3
270,Northern Ireland,2017,40166,4106,2447,238,46481,1875178,24787,95.5,97.2,48681,25961,1.8,1.3
271,Northern Ireland,2018,41406,4143,2392,289,47652,1886259,25263,97.6,97.5,48811,25877,0.3,-0.3
272,Northern Ireland,2019,43816,4194,2365,318,50057,1898519,26367,100.0,100.0,50057,26367,2.6,1.9
273,Northern Ireland,2020,42110,3817,2110,517,47519,1900523,25003,108.2,87.7,43922,23111,-12.3,-12.3
274,Northern Ireland,2021,46193,4440,2266,510,52389,1904564,27507,106.7,98.1,49102,25781,11.8,11.6
275,Northern Ireland,2022,49901,5099,2322,628,56694,1910543,29674,112.1,101.1,50591,26480,3.0,2.7
